timestamp;Engine RPM;Calculated Load;Coolant Temperature;Intake Air Temperature;MAF Airflow;Short Fuel Trim Bank 1;Long Fuel Trim Bank 1;Intake Manifold Pressure;Ignition Timing Advance;Throttle Position;Vehicle Speed;Fuel System Status;O2 Sensor B1S1 Voltage;O2 Sensor B1S2 Voltage
2026-07-30T22:02:23.803;0;1.6;36;27;3.06;0.0;0.0;88;10.0;0.0;0;Closed loop;No data;0.005 V, trim 0.0 %
2026-07-30T22:02:29.125;0;1.6;36;28;3.06;0.0;0.0;88;10.0;0.0;0;Closed loop;No data;0.005 V, trim 0.0 %
2026-07-30T22:02:33.709;0;1.6;37;28;3.05;0.0;0.0;88;10.0;0.0;0;Closed loop;No data;0.005 V, trim 0.0 %
2026-07-30T22:02:38.038;1130;5.1;37;27;9.51;0.0;0.0;71;12.0;0.0;0;Closed loop;No data;0.055 V, trim 0.0 %
2026-07-30T22:02:42.249;1159;5.9;37;26;10.54;0.0;0.0;71;17.0;0.0;0;Closed loop;No data;0.065 V, trim 0.0 %
2026-07-30T22:02:46.460;1240;5.9;37;25;9.38;0.0;0.0;70;19.0;0.0;0;Closed loop;No data;0.060 V, trim 0.0 %
2026-07-30T22:02:50.663;1250;5.9;37;25;9.57;9.4;0.0;48;6.5;0.0;2;Closed loop;No data;0.045 V, trim 0.0 %
2026-07-30T22:02:54.856;1245;3.1;37;25;5.57;-10.2;0.0;39;18.5;3.5;3;Closed loop;No data;0.045 V, trim 0.0 %
2026-07-30T22:02:59.059;1357;4.7;38;25;9.58;18.0;0.0;54;38.5;6.7;5;Open loop: engine load/deceleration;No data;0.035 V, trim 0.0 %
2026-07-30T22:03:03.254;1272;7.1;38;25;6.77;5.5;0.0;31;20.0;1.2;2;Open loop: engine load/deceleration;No data;0.060 V, trim 0.0 %
2026-07-30T22:03:07.461;1192;6.3;38;25;9.34;25.0;0.0;79;29.0;12.9;3;Open loop: engine load/deceleration;No data;0.025 V, trim 0.0 %
2026-07-30T22:03:11.668;1726;4.3;39;25;7.46;-4.7;0.0;64;16.5;0.0;6;Open loop: engine load/deceleration;No data;0.005 V, trim 0.0 %
2026-07-30T22:03:15.857;960;4.3;40;25;6.15;10.9;0.0;55;4.0;0.0;2;Open loop: engine load/deceleration;No data;0.000 V, trim -0.8 %
2026-07-30T22:03:20.061;1218;3.9;40;25;7.83;25.0;0.0;58;30.0;3.5;3;Open loop: engine load/deceleration;No data;0.005 V, trim -0.8 %
2026-07-30T22:03:24.267;1268;3.9;40;25;7.37;19.5;0.0;43;12.5;0.0;0;Open loop: engine load/deceleration;No data;0.000 V, trim -0.8 %
2026-07-30T22:03:28.470;1232;3.1;41;25;5.45;-6.2;0.0;48;9.5;0.0;0;Open loop: engine load/deceleration;No data;0.000 V, trim -0.8 %
2026-07-30T22:03:32.684;1257;5.9;42;25;9.99;25.0;0.0;74;24.5;8.2;3;Open loop: engine load/deceleration;No data;0.000 V, trim -0.8 %
2026-07-30T22:03:36.900;924;5.5;43;25;10.02;25.0;0.0;75;34.5;0.0;10;Open loop: engine load/deceleration;No data;0.000 V, trim -0.8 %
2026-07-30T22:03:41.115;926;7.1;43;25;11.05;25.0;0.0;82;33.5;17.3;14;Open loop: engine load/deceleration;No data;0.000 V, trim -0.8 %
2026-07-30T22:03:45.329;2106;9.4;44;24;14.42;24.2;0.0;91;35.0;26.3;24;Open loop: engine load/deceleration;No data;0.005 V, trim -0.8 %
2026-07-30T22:03:49.533;2513;17.6;45;23;30.99;0.0;0.0;68;30.5;22.4;39;Open loop: engine load/deceleration;No data;0.000 V, trim -0.8 %
2026-07-30T22:03:53.718;2057;14.5;46;23;22.67;25.0;0.0;94;39.5;22.0;47;Open loop: engine load/deceleration;No data;0.000 V, trim -0.8 %
2026-07-30T22:03:57.937;2504;14.1;47;22;21.63;25.0;0.0;87;38.5;18.8;53;Open loop: engine load/deceleration;No data;0.000 V, trim -0.8 %
2026-07-30T22:04:02.120;2718;15.7;48;22;24.34;25.0;0.0;90;37.5;19.2;57;Open loop: engine load/deceleration;No data;0.000 V, trim -0.8 %
2026-07-30T22:04:06.302;2892;16.1;50;21;31.46;25.0;0.0;90;32.5;0.0;62;Open loop: system failure;No data;0.000 V, trim -0.8 %
2026-07-30T22:04:10.476;2927;16.9;51;21;33.21;25.0;0.0;86;42.0;0.0;62;Open loop: system failure;No data;0.025 V, trim -0.8 %
2026-07-30T22:04:14.760;2864;11.8;53;21;19.41;25.0;0.0;75;40.0;15.7;58;Open loop: engine load/deceleration;No data;0.000 V, trim -0.8 %
2026-07-30T22:04:19.041;2888;13.3;55;21;22.64;25.0;0.0;21;7.0;13.3;59;Open loop: engine load/deceleration;No data;0.000 V, trim -1.6 %
2026-07-30T22:04:23.359;2070;10.6;56;21;12.32;25.0;0.0;58;40.0;13.3;57;Open loop: engine load/deceleration;No data;0.000 V, trim -1.6 %
2026-07-30T22:04:27.655;2096;10.6;57;21;6.41;0.0;0.0;25;12.0;8.2;56;Open loop: engine load/deceleration;No data;0.000 V, trim -1.6 %
2026-07-30T22:04:31.960;2040;3.5;58;21;4.59;0.0;0.0;44;41.0;6.7;54;Open loop: engine load/deceleration;No data;0.000 V, trim -1.6 %
2026-07-30T22:04:36.298;1918;2.0;59;21;3.96;0.0;0.0;25;15.0;0.0;48;Open loop: system failure;No data;0.000 V, trim -1.6 %
2026-07-30T22:04:40.607;1675;2.4;60;22;5.25;0.0;0.0;54;34.5;7.5;44;Open loop: engine load/deceleration;No data;0.000 V, trim -1.6 %
2026-07-30T22:04:44.912;1631;3.1;61;22;4.58;25.0;0.0;55;34.5;12.9;44;Open loop: engine load/deceleration;No data;0.000 V, trim -1.6 %
2026-07-30T22:04:49.230;1688;9.0;61;21;7.26;0.0;0.0;54;18.5;12.9;46;Open loop: engine load/deceleration;No data;0.000 V, trim -1.6 %
2026-07-30T22:04:53.542;2228;10.2;61;21;18.64;25.0;0.0;72;40.5;13.3;50;Open loop: engine load/deceleration;No data;0.000 V, trim -1.6 %
2026-07-30T22:04:57.856;2518;2.7;63;21;8.95;0.0;0.0;39;42.0;12.5;48;Open loop: engine load/deceleration;No data;0.000 V, trim -1.6 %
2026-07-30T22:05:02.165;2413;10.2;63;21;20.76;25.0;0.0;75;40.0;12.2;53;Open loop: engine load/deceleration;No data;0.000 V, trim -1.6 %
2026-07-30T22:05:06.470;2687;10.2;64;22;22.82;25.0;0.0;86;36.0;14.5;57;Open loop: engine load/deceleration;No data;0.000 V, trim -1.6 %
2026-07-30T22:05:10.770;2907;8.2;65;21;14.06;25.0;0.0;55;42.0;14.1;60;Open loop: engine load/deceleration;No data;0.000 V, trim -1.6 %
2026-07-30T22:05:14.969;2964;12.5;65;21;22.70;25.0;0.0;63;42.5;9.0;63;Open loop: engine load/deceleration;No data;0.000 V, trim -1.6 %
2026-07-30T22:05:19.253;3103;12.5;66;21;23.07;25.0;0.0;47;43.0;9.4;64;Open loop: engine load/deceleration;No data;0.000 V, trim -1.6 %
2026-07-30T22:05:23.568;3102;5.9;68;21;5.98;0.0;0.0;20;12.0;0.0;62;Open loop: system failure;No data;0.000 V, trim -1.6 %
2026-07-30T22:05:27.876;2780;2.4;68;22;4.06;0.0;0.0;19;12.0;0.0;54;Open loop: system failure;No data;0.000 V, trim -1.6 %
2026-07-30T22:05:32.202;2314;1.6;70;22;3.46;0.0;0.0;23;4.0;0.0;43;Open loop: system failure;No data;0.000 V, trim -1.6 %
2026-07-30T22:05:36.514;2541;2.4;70;22;4.05;0.0;0.0;20;12.0;0.0;33;Open loop: system failure;No data;0.000 V, trim -1.6 %
2026-07-30T22:05:40.832;2092;2.4;70;22;4.35;0.0;0.0;29;41.0;4.7;27;Open loop: engine load/deceleration;No data;0.000 V, trim -1.6 %
2026-07-30T22:05:45.120;2074;6.3;71;22;11.30;25.0;0.0;25;20.0;0.0;31;Open loop: system failure;No data;0.000 V, trim -1.6 %
2026-07-30T22:05:49.419;2096;3.1;71;22;9.80;25.0;0.0;51;41.5;9.8;31;Open loop: engine load/deceleration;No data;0.000 V, trim -1.6 %
2026-07-30T22:05:53.726;2363;7.1;71;21;3.84;0.0;0.0;36;42.0;6.3;30;Open loop: engine load/deceleration;No data;0.000 V, trim -1.6 %
2026-07-30T22:05:58.048;2112;5.1;71;21;3.87;0.0;0.0;23;12.0;0.0;28;Open loop: system failure;No data;0.000 V, trim -1.6 %
2026-07-30T22:06:02.361;1831;2.4;72;22;3.73;0.0;0.0;23;20.0;0.0;21;Open loop: system failure;No data;0.000 V, trim -0.8 %
2026-07-30T22:06:06.670;967;2.4;72;22;4.41;5.5;0.0;36;12.0;0.0;2;Open loop: engine load/deceleration;No data;0.095 V, trim -0.8 %
2026-07-30T22:06:10.984;1310;4.3;73;22;3.52;25.0;0.0;27;20.0;0.0;1;Open loop: engine load/deceleration;No data;0.215 V, trim -0.8 %
2026-07-30T22:06:15.297;829;1.6;73;23;7.93;6.2;0.0;76;31.5;13.3;2;Open loop: engine load/deceleration;No data;0.000 V, trim -0.8 %
2026-07-30T22:06:19.606;1563;8.2;73;23;18.04;25.0;0.0;27;11.5;11.8;20;Open loop: engine load/deceleration;No data;0.000 V, trim -0.8 %
2026-07-30T22:06:23.939;1778;10.2;73;23;18.04;25.0;0.0;92;37.0;15.3;32;Open loop: engine load/deceleration;No data;0.000 V, trim -0.8 %
2026-07-30T22:06:28.278;2543;8.2;74;22;13.46;25.0;0.0;47;41.5;10.2;34;Open loop: engine load/deceleration;No data;0.000 V, trim -0.8 %
2026-07-30T22:06:32.590;2509;10.2;75;22;22.47;25.0;0.0;35;18.5;0.0;37;Open loop: engine load/deceleration;No data;0.010 V, trim -1.6 %
2026-07-30T22:06:36.900;1811;9.0;75;22;15.19;25.0;0.0;80;28.0;15.7;41;Open loop: engine load/deceleration;No data;0.000 V, trim -1.6 %
2026-07-30T22:06:41.098;2258;13.3;76;22;22.73;25.0;0.0;94;36.5;15.7;51;Open loop: engine load/deceleration;No data;0.000 V, trim -1.6 %
2026-07-30T22:06:45.289;2726;11.0;76;22;17.85;25.0;0.0;40;40.5;12.9;55;Open loop: engine load/deceleration;No data;0.000 V, trim -1.6 %
2026-07-30T22:06:49.577;2018;12.9;78;22;18.78;25.0;0.8;96;35.5;20.4;58;Open loop: engine load/deceleration;No data;0.000 V, trim -1.6 %
2026-07-30T22:06:53.878;2211;12.2;78;22;20.41;25.0;0.8;94;37.0;19.2;63;Open loop: engine load/deceleration;No data;0.000 V, trim -1.6 %
2026-07-30T22:06:58.188;2355;16.9;80;21;29.36;25.0;1.6;122;34.5;25.9;68;Open loop: engine load/deceleration;No data;0.000 V, trim -1.6 %
2026-07-30T22:07:02.501;2751;25.1;80;21;33.20;0.0;1.6;78;28.5;21.2;76;Open loop: engine load/deceleration;No data;0.000 V, trim -1.6 %
2026-07-30T22:07:06.806;2140;19.2;81;21;30.95;25.0;1.6;119;33.5;27.5;81;Open loop: engine load/deceleration;No data;0.000 V, trim -1.6 %
2026-07-30T22:07:11.135;2294;17.6;83;21;27.82;25.0;1.6;108;37.5;21.2;84;Open loop: engine load/deceleration;No data;0.000 V, trim -1.6 %
2026-07-30T22:07:15.437;2370;13.7;83;21;24.50;25.0;2.3;99;37.5;19.6;86;Open loop: engine load/deceleration;No data;0.245 V, trim -1.6 %
2026-07-30T22:07:19.762;2320;2.7;85;21;4.44;0.0;0.0;64;32.0;18.4;79;Open loop: engine load/deceleration;No data;0.000 V, trim -1.6 %
2026-07-30T22:07:24.066;2158;12.2;86;21;18.91;25.0;3.1;80;37.0;15.3;80;Open loop: engine load/deceleration;No data;0.000 V, trim -1.6 %
2026-07-30T22:07:28.393;2264;12.2;85;21;19.49;25.0;3.9;79;40.0;14.5;84;Open loop: engine load/deceleration;No data;0.000 V, trim -1.6 %
2026-07-30T22:07:32.701;2316;2.7;85;21;4.52;0.0;0.0;19;12.0;0.0;82;Open loop: system failure;No data;0.000 V, trim -1.6 %
2026-07-30T22:07:37.018;2232;2.0;85;21;4.28;0.0;0.0;19;12.0;0.0;81;Open loop: system failure;No data;0.000 V, trim -1.6 %
2026-07-30T22:07:41.328;2231;2.4;84;21;3.85;0.0;0.0;19;12.0;0.0;81;Open loop: system failure;No data;0.000 V, trim -1.6 %
2026-07-30T22:07:45.662;2323;2.0;84;21;4.48;0.0;0.0;17;12.0;0.0;85;Open loop: system failure;No data;0.000 V, trim -1.6 %
2026-07-30T22:07:49.963;2451;2.0;83;21;4.24;0.0;0.0;17;12.0;0.0;91;Open loop: system failure;No data;0.000 V, trim -1.6 %
2026-07-30T22:07:54.264;2620;1.6;83;21;4.35;0.0;0.0;16;12.0;0.0;96;Open loop: system failure;No data;0.000 V, trim -1.6 %
2026-07-30T22:07:58.560;2705;2.4;82;21;4.84;0.0;0.0;17;12.0;0.0;99;Open loop: system failure;No data;0.000 V, trim -1.6 %
2026-07-30T22:08:02.853;2778;2.0;81;21;4.63;0.0;0.0;17;12.0;0.0;101;Open loop: system failure;No data;0.000 V, trim -1.6 %
2026-07-30T22:08:07.068;2813;2.4;81;21;4.35;0.0;0.0;17;12.0;0.0;100;Open loop: system failure;No data;0.000 V, trim -1.6 %
2026-07-30T22:08:11.258;2750;2.0;81;21;4.46;0.0;0.0;16;12.0;0.0;99;Open loop: system failure;No data;0.000 V, trim -1.6 %
2026-07-30T22:08:15.445;2759;2.0;81;21;4.66;0.0;0.0;17;12.0;0.0;97;Open loop: system failure;No data;0.000 V, trim -1.6 %
2026-07-30T22:08:19.648;2638;2.4;80;21;4.22;0.0;0.0;17;12.0;0.0;93;Open loop: system failure;No data;0.000 V, trim -1.6 %
2026-07-30T22:08:23.872;2550;2.4;80;21;4.29;0.0;0.0;17;12.0;0.0;87;Open loop: system failure;No data;0.000 V, trim -1.6 %
2026-07-30T22:08:28.197;2319;2.4;80;21;3.88;0.0;0.0;19;12.0;0.0;81;Open loop: system failure;No data;0.000 V, trim -1.6 %
2026-07-30T22:08:32.509;2232;1.6;80;21;3.86;0.0;0.0;19;12.0;0.0;79;Open loop: system failure;No data;0.000 V, trim -1.6 %
2026-07-30T22:08:36.810;2170;1.2;80;21;3.90;0.0;0.0;19;12.0;0.0;78;Open loop: system failure;No data;0.000 V, trim -1.6 %
2026-07-30T22:08:41.124;2224;2.7;80;21;4.43;0.0;0.0;19;12.0;0.0;82;Open loop: system failure;No data;0.000 V, trim -1.6 %
2026-07-30T22:08:45.441;2348;2.4;81;21;3.34;0.0;0.0;17;12.0;0.0;83;Open loop: system failure;No data;0.000 V, trim -1.6 %
2026-07-30T22:08:49.758;2148;1.6;81;21;4.07;0.0;0.0;19;12.0;0.0;76;Open loop: system failure;No data;0.000 V, trim -1.6 %
2026-07-30T22:08:54.083;2100;2.0;81;21;4.06;0.0;0.0;19;12.0;0.0;75;Open loop: system failure;No data;0.000 V, trim -1.6 %
2026-07-30T22:08:58.405;2063;1.6;81;21;3.58;0.0;0.0;20;12.0;0.0;75;Open loop: system failure;No data;0.000 V, trim -1.6 %
2026-07-30T22:09:02.706;2114;2.4;81;21;4.12;0.0;0.0;19;12.0;0.0;76;Open loop: system failure;No data;0.000 V, trim -1.6 %
2026-07-30T22:09:07.020;1831;2.0;81;21;3.03;0.0;0.0;17;12.0;0.0;67;Open loop: system failure;No data;0.000 V, trim -1.6 %
2026-07-30T22:09:11.333;2294;2.0;81;21;3.59;0.0;0.0;17;12.0;0.0;61;Open loop: system failure;No data;0.000 V, trim -1.6 %
2026-07-30T22:09:15.653;2114;1.6;81;21;3.54;0.0;0.0;20;12.0;0.0;54;Open loop: system failure;No data;0.000 V, trim -1.6 %
2026-07-30T22:09:19.971;1988;2.4;81;21;3.20;0.0;0.0;19;12.0;0.0;56;Open loop: system failure;No data;0.000 V, trim -1.6 %
2026-07-30T22:09:24.296;2099;2.0;81;21;3.30;0.0;0.0;19;12.0;0.0;57;Open loop: system failure;No data;0.000 V, trim -1.6 %
2026-07-30T22:09:28.527;2085;1.6;81;21;3.53;0.0;0.0;19;12.0;0.0;59;Open loop: system failure;No data;0.000 V, trim -1.6 %
2026-07-30T22:09:32.726;1426;1.6;81;21;4.00;0.0;0.0;16;12.0;0.0;52;Open loop: system failure;No data;0.000 V, trim -1.6 %
2026-07-30T22:09:36.925;2534;1.2;81;21;3.68;0.0;0.0;17;12.0;0.0;52;Open loop: system failure;No data;0.000 V, trim -1.6 %
2026-07-30T22:09:41.128;2481;2.4;81;21;3.35;0.0;0.0;17;12.0;0.0;49;Open loop: system failure;No data;0.000 V, trim -1.6 %
2026-07-30T22:09:45.342;2278;1.6;81;21;3.59;0.0;0.0;19;12.0;0.0;44;Open loop: system failure;No data;0.000 V, trim -1.6 %
2026-07-30T22:09:49.520;1607;1.6;81;21;3.00;0.0;0.0;19;12.0;0.0;31;Open loop: system failure;No data;0.000 V, trim -1.6 %
2026-07-30T22:09:53.723;1655;2.0;81;21;6.22;25.0;0.0;76;7.5;14.5;19;Open loop: engine load/deceleration;No data;0.000 V, trim -1.6 %
2026-07-30T22:09:57.942;1604;5.9;81;21;8.12;23.4;2.3;41;38.0;6.3;25;Open loop: engine load/deceleration;No data;0.005 V, trim -1.6 %
2026-07-30T22:10:02.149;1786;4.7;81;21;7.74;25.0;0.8;72;37.5;14.5;27;Open loop: engine load/deceleration;No data;0.000 V, trim -1.6 %
2026-07-30T22:10:06.376;2278;11.0;81;21;22.94;25.0;3.9;78;36.0;0.0;38;Open loop: system failure;No data;0.020 V, trim -1.6 %
2026-07-30T22:10:10.682;1954;10.2;81;21;16.97;25.0;3.9;91;36.5;20.0;45;Open loop: engine load/deceleration;No data;0.000 V, trim -1.6 %
2026-07-30T22:10:14.998;2531;17.3;82;21;27.46;25.0;4.7;88;30.5;0.0;58;Open loop: engine load/deceleration;No data;0.005 V, trim -1.6 %
2026-07-30T22:10:19.323;2181;13.3;83;21;20.96;25.0;4.7;94;37.5;12.2;64;Open loop: engine load/deceleration;No data;0.000 V, trim -1.6 %
2026-07-30T22:10:23.626;2453;5.5;83;21;8.33;25.0;4.7;37;42.0;10.6;66;Open loop: engine load/deceleration;No data;0.000 V, trim -1.6 %
2026-07-30T22:10:27.947;2438;9.0;83;21;13.64;25.0;5.5;56;41.5;0.0;67;Open loop: system failure;No data;0.000 V, trim -1.6 %
2026-07-30T22:10:32.272;2408;6.7;83;21;12.73;25.0;3.1;50;42.0;10.2;66;Open loop: engine load/deceleration;No data;0.000 V, trim -1.6 %
2026-07-30T22:10:36.593;2476;7.1;83;21;12.61;25.0;5.5;48;42.0;10.2;69;Open loop: engine load/deceleration;No data;0.000 V, trim -1.6 %
2026-07-30T22:10:40.915;2580;6.7;83;21;12.82;25.0;6.2;54;42.0;11.8;70;Open loop: engine load/deceleration;No data;0.000 V, trim -1.6 %
2026-07-30T22:10:45.215;2636;10.6;83;21;18.74;25.0;7.0;72;40.0;14.5;75;Open loop: engine load/deceleration;No data;0.000 V, trim -1.6 %
2026-07-30T22:10:49.525;2936;24.3;84;21;24.13;0.0;7.8;88;37.0;27.1;84;Open loop: engine load/deceleration;No data;0.000 V, trim -1.6 %
2026-07-30T22:10:53.961;2504;20.0;84;21;39.28;25.0;7.8;121;35.0;19.6;97;Open loop: engine load/deceleration;No data;0.000 V, trim -1.6 %
2026-07-30T22:10:58.176;2852;18.8;84;21;19.05;3.1;7.0;20;13.5;7.8;103;Open loop: engine load/deceleration;No data;0.000 V, trim -1.6 %
2026-07-30T22:11:02.493;2820;14.9;85;21;27.27;25.0;7.8;92;35.0;14.1;102;Open loop: engine load/deceleration;No data;0.125 V, trim -1.6 %
2026-07-30T22:11:06.802;2884;6.7;85;21;5.95;24.2;4.7;20;12.0;0.0;102;Open loop: system failure;No data;0.000 V, trim -1.6 %
2026-07-30T22:11:11.095;2727;2.7;85;21;4.34;0.0;0.0;17;12.0;0.0;93;Open loop: system failure;No data;0.000 V, trim -1.6 %
2026-07-30T22:11:15.403;2505;2.4;85;21;4.03;0.0;0.0;29;42.0;12.9;87;Open loop: engine load/deceleration;No data;0.000 V, trim -1.6 %
2026-07-30T22:11:19.713;2420;10.6;84;21;17.23;25.0;7.8;62;41.0;12.2;89;Open loop: engine load/deceleration;No data;0.000 V, trim -1.6 %
2026-07-30T22:11:24.043;2490;8.6;83;21;12.22;25.0;7.8;52;42.0;11.0;90;Open loop: engine load/deceleration;No data;0.000 V, trim -1.6 %
2026-07-30T22:11:28.355;2510;8.2;83;21;16.36;25.0;7.8;64;41.0;13.3;90;Open loop: engine load/deceleration;No data;0.000 V, trim -1.6 %
2026-07-30T22:11:32.673;2531;12.2;83;21;19.28;25.0;7.8;72;39.5;14.1;93;Open loop: engine load/deceleration;No data;0.000 V, trim -1.6 %
2026-07-30T22:11:36.975;2636;12.2;84;21;19.93;25.0;7.8;72;40.5;5.9;96;Open loop: system failure;No data;0.000 V, trim -1.6 %
2026-07-30T22:11:41.279;2610;2.4;84;21;4.70;0.0;0.8;47;41.0;15.3;91;Open loop: engine load/deceleration;No data;0.000 V, trim -1.6 %
2026-07-30T22:11:45.581;2566;13.7;85;21;26.69;25.0;7.8;99;36.0;18.4;95;Open loop: engine load/deceleration;No data;0.000 V, trim -1.6 %
2026-07-30T22:11:49.882;2715;17.6;85;21;9.53;-14.8;6.2;20;43.0;9.8;96;Open loop: engine load/deceleration;No data;0.000 V, trim -1.6 %
2026-07-30T22:11:54.182;2627;9.4;85;21;17.57;25.0;8.6;82;39.5;16.1;94;Open loop: engine load/deceleration;No data;0.000 V, trim -1.6 %
2026-07-30T22:11:58.476;2654;14.1;85;21;20.29;25.0;8.6;74;40.5;14.1;96;Open loop: engine load/deceleration;No data;0.000 V, trim -1.6 %
2026-07-30T22:12:02.776;2682;4.7;85;21;5.35;0.0;3.1;17;12.0;0.0;92;Open loop: system failure;No data;0.000 V, trim -1.6 %
2026-07-30T22:12:07.097;2478;5.1;85;21;6.94;21.1;0.0;21;18.5;0.0;87;Open loop: system failure;No data;0.000 V, trim -1.6 %
2026-07-30T22:12:11.423;2318;2.4;85;21;3.52;0.0;0.0;19;12.0;0.0;81;Open loop: system failure;No data;0.000 V, trim -1.6 %
2026-07-30T22:12:15.707;2181;1.6;85;21;4.01;0.0;0.0;21;20.0;0.0;76;Open loop: system failure;No data;0.000 V, trim -1.6 %
2026-07-30T22:12:20.029;1126;1.2;85;22;3.20;0.0;0.0;17;12.0;0.0;71;Open loop: system failure;No data;0.000 V, trim -1.6 %
2026-07-30T22:12:24.337;2522;2.4;84;22;3.79;0.0;0.0;17;28.0;3.1;67;Open loop: engine load/deceleration;No data;0.000 V, trim -1.6 %
2026-07-30T22:12:28.663;2366;7.1;84;22;11.44;25.0;4.7;48;42.0;9.4;66;Open loop: system failure;No data;0.005 V, trim -1.6 %
2026-07-30T22:12:32.972;2351;2.0;83;22;4.10;0.0;0.0;19;12.0;0.0;61;Open loop: system failure;No data;0.000 V, trim -1.6 %
2026-07-30T22:12:37.294;2034;1.2;83;22;3.04;0.0;0.0;21;4.0;0.0;49;Open loop: system failure;No data;0.000 V, trim -1.6 %
2026-07-30T22:12:41.607;2050;2.0;83;23;3.47;0.0;0.0;19;20.0;0.0;35;Open loop: system failure;No data;0.000 V, trim -1.6 %
2026-07-30T22:12:45.932;1231;3.9;83;23;6.82;25.0;0.0;45;29.5;10.6;29;Open loop: engine load/deceleration;No data;0.000 V, trim -1.6 %
2026-07-30T22:12:50.233;1474;7.8;83;23;17.15;25.0;9.4;102;31.5;23.9;35;Open loop: engine load/deceleration;No data;0.000 V, trim -1.6 %
2026-07-30T22:12:54.543;2101;13.3;83;23;24.41;25.0;9.4;99;37.5;13.7;49;Open loop: engine load/deceleration;No data;0.000 V, trim -1.6 %
2026-07-30T22:12:58.848;2551;15.3;84;22;27.36;25.0;9.4;95;35.5;18.0;56;Open loop: engine load/deceleration;No data;0.000 V, trim -1.6 %
2026-07-30T22:13:03.149;2841;13.7;84;22;19.70;25.0;9.4;62;42.0;12.2;58;Open loop: engine load/deceleration;No data;0.315 V, trim -1.6 %
2026-07-30T22:13:07.429;2656;2.7;84;22;3.77;0.0;1.6;19;12.0;0.0;46;Open loop: system failure;No data;0.000 V, trim -1.6 %
2026-07-30T22:13:11.754;1245;1.2;85;22;2.43;0.0;0.0;40;38.0;9.8;26;Open loop: engine load/deceleration;No data;0.000 V, trim -1.6 %
2026-07-30T22:13:16.056;1872;10.2;85;23;16.88;25.0;10.2;88;37.5;17.6;32;Open loop: engine load/deceleration;No data;0.000 V, trim -1.6 %
2026-07-30T22:13:20.357;2752;17.6;85;22;26.65;19.5;10.2;59;37.5;25.9;41;Open loop: engine load/deceleration;No data;0.000 V, trim -1.6 %
2026-07-30T22:13:24.671;2289;17.3;85;22;32.48;25.0;10.2;127;35.0;19.2;53;Open loop: engine load/deceleration;No data;0.000 V, trim -1.6 %
2026-07-30T22:13:28.995;2998;16.9;85;22;24.76;25.0;10.2;111;35.0;27.8;60;Open loop: engine load/deceleration;No data;0.000 V, trim -1.6 %
2026-07-30T22:13:33.313;2370;19.6;85;22;31.89;25.0;10.2;121;35.0;18.0;70;Open loop: engine load/deceleration;No data;0.000 V, trim -1.6 %
2026-07-30T22:13:37.622;2670;7.8;85;23;25.03;25.0;10.2;115;35.0;20.0;73;Open loop: engine load/deceleration;No data;0.000 V, trim -1.6 %
2026-07-30T22:13:41.854;2824;14.5;86;23;27.20;25.0;10.2;107;34.0;19.2;80;Open loop: engine load/deceleration;No data;0.000 V, trim -1.6 %
2026-07-30T22:13:46.051;2734;7.1;86;22;22.67;25.0;10.2;112;37.0;26.7;84;Open loop: engine load/deceleration;No data;0.000 V, trim -1.6 %
2026-07-30T22:13:50.275;2425;18.8;86;22;27.78;25.0;10.2;92;37.0;16.1;92;Open loop: engine load/deceleration;No data;0.000 V, trim -1.6 %
2026-07-30T22:13:54.481;2574;13.7;86;23;25.58;25.0;10.9;102;35.0;17.6;94;Open loop: engine load/deceleration;No data;0.000 V, trim -1.6 %
2026-07-30T22:13:58.676;2671;16.1;86;23;30.01;25.0;11.7;94;36.0;0.4;98;Open loop: system failure;No data;0.000 V, trim -1.6 %
2026-07-30T22:14:02.871;2651;12.2;86;23;22.75;25.0;11.7;86;36.5;16.5;95;Open loop: engine load/deceleration;No data;0.000 V, trim -1.6 %
2026-07-30T22:14:07.052;2698;14.5;86;23;23.76;25.0;11.7;95;35.5;17.6;98;Open loop: engine load/deceleration;No data;0.000 V, trim -1.6 %
2026-07-30T22:14:11.271;2782;18.0;86;23;27.82;25.0;12.5;94;35.0;16.5;101;Open loop: engine load/deceleration;No data;0.000 V, trim -1.6 %
2026-07-30T22:14:15.506;2862;14.5;86;23;26.07;25.0;13.3;86;36.0;15.7;102;Open loop: engine load/deceleration;No data;0.000 V, trim -1.6 %
2026-07-30T22:14:19.832;2906;14.5;85;23;20.49;25.0;14.1;32;23.0;0.0;103;Open loop: system failure;No data;0.080 V, trim -1.6 %
2026-07-30T22:14:24.125;2727;14.1;85;23;26.33;25.0;14.1;102;34.0;18.8;99;Open loop: engine load/deceleration;No data;0.000 V, trim -1.6 %
2026-07-30T22:14:28.413;2817;11.0;85;23;16.02;18.0;14.8;31;43.5;0.8;100;Open loop: system failure;No data;0.000 V, trim -1.6 %
2026-07-30T22:14:32.703;2642;2.4;85;24;4.15;0.0;0.0;17;39.5;14.9;90;Open loop: engine load/deceleration;No data;0.000 V, trim -1.6 %
2026-07-30T22:14:37.028;2452;12.9;85;24;25.00;25.0;14.8;96;37.5;15.3;90;Open loop: engine load/deceleration;No data;0.000 V, trim -1.6 %
2026-07-30T22:14:41.353;2568;14.1;85;24;24.31;25.0;14.8;96;36.0;17.3;94;Open loop: engine load/deceleration;No data;0.000 V, trim -1.6 %
2026-07-30T22:14:45.658;2648;14.5;85;24;23.71;25.0;14.8;80;37.0;15.7;96;Open loop: engine load/deceleration;No data;0.000 V, trim -1.6 %
2026-07-30T22:14:49.951;2734;17.6;85;24;29.02;25.0;14.8;88;36.0;14.5;100;Open loop: engine load/deceleration;No data;0.000 V, trim -1.6 %
2026-07-30T22:14:54.252;2804;12.9;85;24;27.38;25.0;14.8;84;39.0;15.7;102;Open loop: engine load/deceleration;No data;0.250 V, trim -1.6 %
2026-07-30T22:14:58.532;2849;10.2;85;24;14.83;25.0;14.8;64;41.0;13.7;100;Open loop: engine load/deceleration;No data;0.000 V, trim -1.6 %
2026-07-30T22:15:02.817;2794;13.3;85;24;26.28;25.0;14.8;87;35.5;16.5;101;Open loop: engine load/deceleration;No data;0.095 V, trim -1.6 %
2026-07-30T22:15:07.003;2761;2.7;85;24;12.92;24.2;9.4;68;40.5;15.7;96;Open loop: engine load/deceleration;No data;0.000 V, trim -1.6 %
2026-07-30T22:15:11.198;2679;8.6;85;24;8.67;10.2;9.4;54;41.0;14.5;93;Open loop: engine load/deceleration;No data;0.000 V, trim -1.6 %
2026-07-30T22:15:15.396;2568;7.8;85;24;11.61;25.0;14.8;45;42.0;9.8;92;Open loop: engine load/deceleration;No data;0.000 V, trim -1.6 %
2026-07-30T22:15:19.582;2535;10.2;85;24;18.43;25.0;14.8;71;40.5;14.5;91;Open loop: engine load/deceleration;No data;0.000 V, trim -1.6 %
2026-07-30T22:15:23.781;2566;13.3;85;24;18.95;25.0;14.8;72;40.5;13.7;93;Open loop: engine load/deceleration;No data;0.000 V, trim -1.6 %
2026-07-30T22:15:27.976;2636;13.3;85;24;19.53;25.0;14.8;54;42.0;10.2;96;Open loop: engine load/deceleration;No data;0.000 V, trim -1.6 %
2026-07-30T22:15:32.174;2634;9.0;85;23;6.98;0.0;11.7;56;41.0;14.1;92;Open loop: engine load/deceleration;No data;0.000 V, trim -1.6 %
2026-07-30T22:15:36.385;2598;12.9;85;23;23.41;25.0;14.8;91;36.0;16.5;97;Open loop: engine load/deceleration;No data;0.000 V, trim -1.6 %
2026-07-30T22:15:40.600;2770;11.8;85;23;17.88;25.0;14.8;70;39.5;14.5;101;Open loop: engine load/deceleration;No data;0.000 V, trim -1.6 %
2026-07-30T22:15:44.794;2862;8.6;85;23;5.51;0.0;10.9;50;42.0;13.3;99;Open loop: engine load/deceleration;No data;0.000 V, trim -1.6 %
2026-07-30T22:15:48.977;2800;12.9;84;23;25.90;25.0;14.8;103;33.5;19.2;104;Open loop: engine load/deceleration;No data;0.000 V, trim -1.6 %
2026-07-30T22:15:53.171;2934;4.3;84;23;17.21;25.0;14.8;72;40.5;15.7;105;Open loop: engine load/deceleration;No data;0.000 V, trim -1.6 %
2026-07-30T22:15:57.406;2964;9.4;84;23;18.31;25.0;14.8;66;42.0;13.3;108;Open loop: engine load/deceleration;No data;0.000 V, trim -1.6 %
2026-07-30T22:16:01.580;3010;11.0;84;23;16.47;25.0;14.8;58;42.5;11.8;109;Open loop: engine load/deceleration;No data;0.000 V, trim -1.6 %
2026-07-30T22:16:05.754;3022;3.5;84;23;15.73;25.0;12.5;62;42.0;14.1;107;Open loop: engine load/deceleration;No data;0.000 V, trim -1.6 %
2026-07-30T22:16:09.944;3017;11.8;83;23;14.00;21.1;13.3;19;12.0;0.0;107;Open loop: system failure;No data;0.000 V, trim -1.6 %
2026-07-30T22:16:14.134;2860;5.5;83;23;11.93;25.0;9.4;45;43.0;10.2;102;Open loop: engine load/deceleration;No data;0.000 V, trim -1.6 %
2026-07-30T22:16:18.333;2833;7.8;83;23;15.44;25.0;14.8;52;42.0;10.6;102;Open loop: engine load/deceleration;No data;0.000 V, trim -1.6 %
2026-07-30T22:16:22.523;2828;7.5;83;23;6.92;0.0;8.6;21;43.5;9.8;100;Open loop: engine load/deceleration;No data;0.000 V, trim -1.6 %
2026-07-30T22:16:26.715;2755;9.0;83;23;16.51;25.0;14.8;54;42.0;11.0;99;Open loop: engine load/deceleration;No data;0.345 V, trim -1.6 %
2026-07-30T22:16:30.924;2761;7.8;83;23;13.41;25.0;14.8;51;42.5;11.0;98;Open loop: engine load/deceleration;No data;0.300 V, trim -1.6 %
2026-07-30T22:16:35.230;2733;7.5;83;23;10.30;25.0;14.1;40;43.0;9.0;97;Open loop: engine load/deceleration;No data;0.345 V, trim -1.6 %
2026-07-30T22:16:39.507;2687;6.7;83;24;10.30;25.0;14.8;41;42.5;8.6;95;Open loop: engine load/deceleration;No data;0.335 V, trim -1.6 %
2026-07-30T22:16:43.832;2592;5.5;83;24;11.30;25.0;14.8;52;41.5;12.2;93;Open loop: engine load/deceleration;No data;0.000 V, trim -1.6 %
2026-07-30T22:16:48.120;2600;12.2;83;23;20.21;25.0;14.8;21;12.0;0.0;94;Open loop: system failure;No data;0.000 V, trim -1.6 %
2026-07-30T22:16:52.425;2519;4.7;84;23;12.70;25.0;10.2;54;41.0;12.2;91;Open loop: engine load/deceleration;No data;0.000 V, trim -1.6 %
2026-07-30T22:16:56.735;2528;5.9;84;23;16.53;25.0;14.8;71;40.0;14.9;91;Open loop: engine load/deceleration;No data;0.000 V, trim -1.6 %
2026-07-30T22:17:01.056;2628;9.4;84;23;15.33;16.4;11.7;17;18.5;7.1;92;Open loop: engine load/deceleration;No data;0.000 V, trim -1.6 %
2026-07-30T22:17:05.361;2560;10.6;84;23;18.64;25.0;14.8;68;40.5;12.9;93;Open loop: engine load/deceleration;No data;0.000 V, trim -1.6 %
2026-07-30T22:17:09.669;2589;9.4;84;23;15.24;25.0;14.8;64;41.0;14.1;94;Open loop: engine load/deceleration;No data;0.000 V, trim -1.6 %
2026-07-30T22:17:13.975;2648;14.5;84;24;23.01;21.9;14.8;17;12.0;0.0;96;Open loop: system failure;No data;0.000 V, trim -1.6 %
2026-07-30T22:17:18.284;2524;2.4;84;24;4.66;0.0;0.0;17;12.0;4.3;86;Open loop: engine load/deceleration;No data;0.000 V, trim -1.6 %
2026-07-30T22:17:22.605;2369;9.8;84;24;16.83;25.0;11.7;66;40.5;12.9;87;Open loop: engine load/deceleration;No data;0.000 V, trim -1.6 %
2026-07-30T22:17:26.907;2447;11.4;84;24;19.92;25.0;14.8;67;41.0;12.2;91;Open loop: engine load/deceleration;No data;0.000 V, trim -1.6 %
2026-07-30T22:17:31.227;2560;12.2;84;24;19.96;25.0;14.8;87;37.0;16.9;94;Open loop: engine load/deceleration;No data;0.000 V, trim -1.6 %
2026-07-30T22:17:35.532;2716;10.2;84;25;10.78;0.0;10.2;33;42.0;12.2;95;Open loop: engine load/deceleration;No data;0.000 V, trim -1.6 %
2026-07-30T22:17:39.822;2654;9.0;85;25;15.93;25.0;14.8;55;42.0;10.2;96;Open loop: engine load/deceleration;No data;0.000 V, trim -1.6 %
2026-07-30T22:17:44.119;2650;8.2;85;25;11.84;25.0;14.8;41;38.5;0.0;94;Open loop: engine load/deceleration;No data;0.000 V, trim -1.6 %
2026-07-30T22:17:48.435;2589;7.8;85;25;19.67;25.0;14.8;87;36.5;17.6;94;Open loop: engine load/deceleration;No data;0.000 V, trim -1.6 %
2026-07-30T22:17:52.687;2705;15.7;85;25;21.38;25.0;14.8;71;40.5;13.7;100;Open loop: engine load/deceleration;No data;0.000 V, trim -1.6 %
2026-07-30T22:17:56.878;2795;11.0;85;25;16.59;24.2;14.1;19;12.0;6.3;101;Open loop: engine load/deceleration;No data;0.000 V, trim -1.6 %
2026-07-30T22:18:01.072;2737;11.0;85;25;17.47;25.0;14.8;62;41.5;12.9;99;Open loop: engine load/deceleration;No data;0.000 V, trim -1.6 %
2026-07-30T22:18:05.377;2757;7.8;85;25;12.09;25.0;14.8;36;43.0;7.5;99;Open loop: system failure;No data;0.000 V, trim -1.6 %
2026-07-30T22:18:09.695;2678;2.0;85;25;10.56;25.0;5.5;41;42.0;9.0;94;Open loop: engine load/deceleration;No data;0.000 V, trim -1.6 %
2026-07-30T22:18:13.999;2591;7.1;85;25;13.05;20.3;14.8;52;42.0;11.0;93;Open loop: engine load/deceleration;No data;0.000 V, trim -1.6 %
2026-07-30T22:18:18.285;2591;10.2;85;25;19.55;25.0;14.8;66;41.0;12.9;95;Open loop: engine load/deceleration;No data;0.380 V, trim -1.6 %
2026-07-30T22:18:22.573;2644;2.4;85;24;3.51;0.0;3.9;17;12.0;0.0;91;Open loop: system failure;No data;0.000 V, trim -1.6 %
2026-07-30T22:18:26.891;2445;2.4;85;25;3.89;0.0;0.0;19;12.0;0.0;84;Open loop: system failure;No data;0.000 V, trim -1.6 %
2026-07-30T22:18:31.195;2235;2.4;84;25;3.92;0.0;0.0;19;12.0;0.0;78;Open loop: system failure;No data;0.000 V, trim -1.6 %
2026-07-30T22:18:35.504;2014;1.6;84;25;3.90;0.0;0.0;21;12.0;0.0;69;Open loop: system failure;No data;0.000 V, trim -1.6 %
2026-07-30T22:18:39.830;1848;2.4;84;25;3.18;0.0;0.0;20;14.5;0.0;63;Open loop: system failure;No data;0.000 V, trim -1.6 %
2026-07-30T22:18:44.140;1320;1.6;84;25;3.29;0.0;0.0;19;16.0;0.0;50;Open loop: system failure;No data;0.000 V, trim -1.6 %
2026-07-30T22:18:48.456;1616;1.6;84;25;2.67;0.0;0.0;20;13.0;0.0;41;Open loop: system failure;No data;0.000 V, trim -1.6 %
2026-07-30T22:18:52.769;1454;1.2;84;25;2.56;0.0;0.0;32;13.5;0.0;38;Open loop: system failure;No data;0.000 V, trim -1.6 %
2026-07-30T22:18:57.075;1749;1.2;84;25;3.21;25.0;0.0;19;20.0;0.0;32;Open loop: engine load/deceleration;No data;0.055 V, trim -1.6 %
2026-07-30T22:19:01.384;1361;1.2;84;25;3.16;22.7;0.0;28;20.0;0.0;24;Open loop: engine load/deceleration;No data;0.040 V, trim -1.6 %
2026-07-30T22:19:05.705;1494;1.2;84;25;3.05;22.7;0.0;28;19.0;0.0;10;Open loop: engine load/deceleration;No data;0.000 V, trim -1.6 %
2026-07-30T22:19:09.998;2237;7.8;84;25;14.14;25.0;8.6;20;12.0;0.0;20;Open loop: system failure;No data;0.000 V, trim -0.8 %
2026-07-30T22:19:14.303;1405;1.6;85;25;3.10;11.7;0.0;29;13.5;0.0;13;Open loop: engine load/deceleration;No data;0.300 V, trim -0.8 %
2026-07-30T22:19:18.522;929;1.6;85;25;3.33;6.2;0.0;31;7.5;0.0;12;Open loop: engine load/deceleration;No data;0.055 V, trim -0.8 %
2026-07-30T22:19:22.733;897;1.6;85;25;3.56;7.8;0.0;33;11.0;0.0;4;Open loop: engine load/deceleration;No data;0.290 V, trim -0.8 %
2026-07-30T22:19:26.948;882;1.6;85;25;3.07;3.9;0.0;32;17.0;0.0;1;Open loop: engine load/deceleration;No data;0.155 V, trim -0.8 %
2026-07-30T22:19:31.171;859;1.6;85;25;3.11;0.0;0.0;32;15.0;0.0;0;Open loop: engine load/deceleration;No data;0.060 V, trim -0.8 %
2026-07-30T22:19:35.373;749;1.2;86;26;2.58;6.2;0.0;33;12.5;0.0;0;Open loop: engine load/deceleration;No data;0.195 V, trim -0.8 %
2026-07-30T22:19:39.576;735;1.2;86;26;3.07;3.9;0.0;32;15.5;0.0;0;Open loop: engine load/deceleration;No data;0.000 V, trim -0.8 %
2026-07-30T22:19:43.787;700;0.4;86;26;1.80;0.0;No data;No data;No data;No data;No data;No data;No data;No data
2026-07-30T22:19:48.017;No data;No data;No data;No data;No data;No data;No data;No data;No data;No data;No data;No data;No data;No data
2026-07-30T22:19:52.251;No data;No data;No data;No data;No data;No data;No data;No data;No data;No data;No data;No data;No data;No data
2026-07-30T22:19:56.479;No data;No data;No data;No data;No data;No data;No data;No data;No data;No data;No data;No data;No data;No data
2026-07-30T22:20:01.037;No data;No data;No data;No data;No data;No data;No data;No data;No data;No data;No data;No data;No data;No data
2026-07-30T22:20:05.281;No data;No data;No data;No data;No data;No data;No data;No data;No data;No data;No data;No data;No data;No data
2026-07-30T22:20:09.516;No data;No data;No data;No data;No data;No data;No data;No data;No data;No data;No data;No data;No data;No data
2026-07-30T22:20:13.756;No data;No data;No data;No data;No data;No data;No data;No data;No data;No data;No data;No data;No data;No data
2026-07-30T22:20:18.000;No data;No data;No data;No data;No data;No data;No data;No data;No data;No data;No data;No data;No data;No data
2026-07-30T22:20:22.244;No data;No data;No data;No data;No data;No data;No data;No data;No data;No data;No data;No data;No data;No data
2026-07-30T22:20:26.487;No data;No data;No data;No data;No data;No data;No data;No data;No data;No data;No data;No data;No data;No data
2026-07-30T22:20:30.731;No data;No data;No data;No data;No data;No data;No data;No data;No data;No data;No data;No data;No data;No data
2026-07-30T22:20:34.971;No data;No data;No data;No data;No data;No data;No data;No data;No data;No data;No data;No data;No data;No data
2026-07-30T22:20:39.215;No data;No data;No data;No data;No data;No data;No data;No data;No data;No data;No data;No data;No data;No data
2026-07-30T22:20:43.458;No data;No data;No data;No data;No data;No data;No data;No data;No data;No data;No data;No data;No data;No data
2026-07-30T22:20:47.702;No data;No data;No data;No data;No data;No data;No data;No data;No data;No data;No data;No data;No data;No data
2026-07-30T22:20:51.945;No data;No data;No data;No data;No data;No data;No data;No data;No data;No data;No data;No data;No data;No data
2026-07-30T22:20:56.187;No data;No data;No data;No data;No data;No data;No data;No data;No data;No data;No data;No data;No data;No data
2026-07-30T22:21:00.431;No data;No data;No data;No data;No data;No data;No data;No data;No data;No data;No data;No data;No data;No data
2026-07-30T22:21:04.675;No data;No data;No data;No data;No data;No data;No data;No data;No data;No data;No data;No data;No data;No data
2026-07-30T22:21:08.918;No data;No data;No data;No data;No data;No data;No data;No data;No data;No data;No data;No data;No data;No data
2026-07-30T22:21:13.158;No data;No data;No data;No data;No data;No data;No data;No data;No data;No data;No data;No data;No data;No data
2026-07-30T22:21:17.402;No data;No data;No data;No data;No data;No data;No data;No data;No data;No data;No data;No data;No data;No data
2026-07-30T22:21:21.641;No data;No data;No data;No data;No data;No data;No data;No data;No data;No data;No data;No data;No data;No data
2026-07-30T22:21:26.212;No data;No data;No data;No data;No data;No data;No data;No data;No data;No data;No data;No data;No data;No data
2026-07-30T22:21:30.452;No data;No data;No data;No data;No data;No data;No data;No data;No data;No data;No data;No data;No data;No data
2026-07-30T22:21:34.688;No data;No data;No data;No data;No data;No data;No data;No data;No data;No data;No data;No data;No data;No data
2026-07-30T22:21:38.927;No data;No data;No data;No data;No data;No data;No data;No data;No data;No data;No data;No data;No data;No data
2026-07-30T22:21:43.166;No data;No data;No data;No data;No data;No data;No data;No data;No data;No data;No data;No data;No data;No data
2026-07-30T22:21:47.394;No data;No data;No data;No data;No data;No data;No data;No data;No data;No data;No data;No data;No data;No data
2026-07-30T22:21:51.629;No data;No data;No data;No data;No data;No data;No data;No data;No data;No data;No data;No data;No data;No data
2026-07-30T22:21:55.865;No data;No data;No data;No data;No data;No data;No data;No data;No data;No data;No data;No data;No data;No data
2026-07-30T22:22:00.104;No data;No data;No data;No data;No data;No data;No data;No data;No data;No data;No data;No data;No data;No data
2026-07-30T22:22:04.343;No data;No data;No data;No data;No data;No data;No data;No data;No data;No data;No data;No data;No data;No data
2026-07-30T22:22:08.578;No data;No data;No data;No data;No data;No data;No data;No data;No data;No data;No data;No data;No data;No data
2026-07-30T22:22:12.806;No data;No data;No data;No data;No data;No data;No data;No data;No data;No data;No data;No data;No data;No data
2026-07-30T22:22:17.041;No data;No data;No data;No data;No data;No data;No data;No data;No data;No data;No data;No data;No data;No data
2026-07-30T22:22:21.278;No data;No data;No data;No data;No data;No data;No data;No data;No data;No data;No data;No data;No data;No data
2026-07-30T22:22:25.512;No data;No data;No data;No data;No data;No data;No data;No data;No data;No data;No data;No data;No data;No data
2026-07-30T22:22:29.743;No data;No data;No data;No data;No data;No data;No data;No data;No data;No data;No data;No data;No data;No data
2026-07-30T22:22:33.987;No data;No data;No data;No data;No data;No data;No data;No data;No data;No data;No data;No data;No data;No data
2026-07-30T22:22:38.228;No data;No data;No data;No data;No data;No data;No data;No data;No data;No data;No data;No data;No data;No data
2026-07-30T22:22:42.473;No data;No data;No data;No data;No data;No data;No data;No data;No data;No data;No data;No data;No data;No data
2026-07-30T22:22:46.717;No data;No data;No data;No data;No data;No data;No data;No data;No data;No data;No data;No data;No data;No data
2026-07-30T22:22:50.962;No data;No data;No data;No data;No data;No data;No data;No data;No data;No data;No data;No data;No data;No data
2026-07-30T22:22:55.205;No data;No data;No data;No data;No data;No data;No data;No data;No data;No data;No data;No data;No data;No data
2026-07-30T22:22:59.539;No data;No data;No data;No data;No data;No data;No data;No data;No data;No data;No data;No data;No data;No data
2026-07-30T22:23:03.780;No data;No data;No data;No data;No data;No data;No data;No data;No data;No data;No data;No data;No data;No data
2026-07-30T22:23:08.018;No data;No data;No data;No data;No data;No data;No data;No data;No data;No data;No data;No data;No data;No data
2026-07-30T22:23:12.269;No data;No data;No data;No data;No data;No data;No data;No data;No data;No data;No data;No data;No data;No data
2026-07-30T22:23:16.513;No data;No data;No data;No data;No data;No data;No data;No data;No data;No data;No data;No data;No data;No data
2026-07-30T22:23:20.785;No data;No data;No data;No data;No data;No data;No data;No data;No data;No data;No data;No data;No data;No data
2026-07-30T22:23:25.029;No data;No data;No data;No data;No data;No data;No data;No data;No data;No data;No data;No data;No data;No data
2026-07-30T22:23:29.502;No data;No data;No data;No data;No data;No data;No data;No data;No data;No data;No data;No data;No data;No data
2026-07-30T22:23:36.507;No data;No data;No data;No data;No data;No data;No data;No data;No data;No data;No data;No data;No data;No data
2026-07-30T22:23:40.750;No data;No data;No data;No data;No data;No data;No data;No data;No data;No data;No data;No data;No data;No data
2026-07-30T22:23:44.985;No data;No data;No data;No data;No data;No data;No data;No data;No data;No data;No data;No data;No data;No data
2026-07-30T22:23:49.220;No data;No data;No data;No data;No data;No data;No data;No data;No data;No data;No data;No data;No data;No data
2026-07-30T22:23:53.459;No data;No data;No data;No data;No data;No data;No data;No data;No data;No data;No data;No data;No data;No data
2026-07-30T22:23:57.703;No data;No data;No data;No data;No data;No data;No data;No data;No data;No data;No data;No data;No data;No data
2026-07-30T22:24:01.943;No data;No data;No data;No data;No data;No data;No data;No data;No data;No data;No data;No data;No data;No data
2026-07-30T22:24:06.371;No data;No data;No data;No data;No data;No data;No data;No data;No data;No data;No data;No data;No data;No data
2026-07-30T22:24:10.804;No data;No data;No data;No data;No data;No data;No data;No data;No data;No data;No data;No data;No data;No data
2026-07-30T22:24:15.044;No data;No data;No data;No data;No data;No data;No data;No data;No data;No data;No data;No data;No data;No data
2026-07-30T22:24:19.290;No data;No data;No data;No data;No data;No data;No data;No data;No data;No data;No data;No data;No data;No data
2026-07-30T22:24:23.529;No data;No data;No data;No data;No data;No data;No data;No data;No data;No data;No data;No data;No data;No data
2026-07-30T22:24:27.766;No data;No data;No data;No data;No data;No data;No data;No data;No data;No data;No data;No data;No data;No data
2026-07-30T22:24:32.010;No data;No data;No data;No data;No data;No data;No data;No data;No data;No data;No data;No data;No data;No data
2026-07-30T22:24:36.249;No data;No data;No data;No data;No data;No data;No data;No data;No data;No data;No data;No data;No data;No data
2026-07-30T22:24:40.487;No data;No data;No data;No data;No data;No data;No data;No data;No data;No data;No data;;;
